{"cameraMode":{"drawMode":0,"name":"Shaded","section":"Shading Mode"},"sceneLighting":true,"audioPlay":false,"sceneViewState":{"m_AlwaysRefresh":false,"showFog":true,"showSkybox":true,"showFlares":true,"showImageEffects":true,"showParticleSystems":true,"showVisualEffectGraphs":true,"m_FxEnabled":true},"in2DMode":false,"pivot":{"x":4.907565116882324,"y":10.537368774414063,"z":0.20191335678100587},"rotation":{"x":0.4136775732040405,"y":-0.10719913244247437,"z":-0.04913010448217392,"w":-0.9027789831161499},"size":4.768226146697998,"orthographic":false}