{"cameraMode":{"drawMode":0,"name":"Shaded","section":"Shading Mode"},"sceneLighting":true,"audioPlay":false,"sceneViewState":{"m_AlwaysRefresh":false,"showFog":true,"showSkybox":true,"showFlares":true,"showImageEffects":true,"showParticleSystems":true,"showVisualEffectGraphs":true,"m_FxEnabled":true},"in2DMode":false,"pivot":{"x":5.527576923370361,"y":2.5098259449005129,"z":-5.686976909637451},"rotation":{"x":0.37678608298301699,"y":-0.003612584201619029,"z":0.0014654768165200949,"w":0.9262984991073608},"size":4.768226146697998,"orthographic":false}