{"cameraMode":{"drawMode":0,"name":"Shaded","section":"Shading Mode"},"sceneLighting":false,"audioPlay":false,"sceneViewState":{"m_AlwaysRefresh":false,"showFog":true,"showSkybox":false,"showFlares":true,"showImageEffects":true,"showParticleSystems":true,"showVisualEffectGraphs":true,"m_FxEnabled":true},"in2DMode":false,"pivot":{"x":-0.39579296112060549,"y":1.4504013061523438,"z":-0.6727436780929565},"rotation":{"x":-0.2268287092447281,"y":-0.008467650040984154,"z":0.0019712643697857858,"w":-0.9739161133766174},"size":3.3802225589752199,"orthographic":false}